idfish,idfisher,species,date,length,tide,next.tide,tide.classification,hour.catch,date.catch,min.temp,max.temp,rain.mm,max.wind.direction,max.wind.speed,max.wind.speed.time,nine.am.wind.direction,nine.am.wind.speed,three.pm.wind.direction,three.pm.wind.speed
5191,1400,BARRAMUNDI,2018-05-03 16:26:00,820,1.13,1.12,bottom,16,2018-05-03,19.3,28,0,ENE,33,15:02:00,SE,17,ENE,22
5193,1400,BARRAMUNDI,2018-05-03 16:38:00,640,1.13,1.12,bottom,16,2018-05-03,19.3,28,0,ENE,33,15:02:00,SE,17,ENE,22
5217,1400,BARRAMUNDI,2018-05-04 15:55:00,0,1.48,1.31,bottom,16,2018-05-04,18.2,28.5,0,ENE,28,13:27:00,SSE,6,ENE,17
5218,1368,BARRAMUNDI,2018-05-04 16:27:00,785,1.35,1.31,bottom,22,2018-05-04,18.2,28.5,0,ENE,28,13:27:00,SSE,6,ENE,17
5222,456,BARRAMUNDI,2018-05-04 22:28:00,640,3.44,3.67,top,13,2018-05-04,18.2,28.5,0,ENE,28,13:27:00,SSE,6,ENE,17
5248,456,BARRAMUNDI,2018-05-05 13:53:00,500,2.65,1.53,falling,15,2018-05-05,17.2,29.3,0,ENE,31,13:54:00,SSE,7,ENE,20
7068,1180,BARRAMUNDI,2018-05-20 12:34:00,680,1.66,3.31,rising,10,2018-05-20,13.1,26.5,0,E,28,12:12:00,SSW,9,NE,19
7077,1180,BARRAMUNDI,2018-05-22 10:15:00,803,1.58,0.74,bottom,18,2018-05-22,10.3,26.1,0,SSW,28,9:53:00,SSW,11,ENE,15
7080,1180,BARRAMUNDI,2018-05-22 18:50:00,630,3.95,0.96,top,18,2018-05-22,10.3,26.1,0,SSW,28,9:53:00,SSW,11,ENE,15
7088,1465,BARRAMUNDI,2018-05-23 18:40:00,670,4.04,4.24,top,15,2018-05-23,10.8,25.5,0,ESE,41,15:22:00,SW,7,E,26
7141,1180,BARRAMUNDI,2018-05-26 19:32:00,700,3.19,4.66,rising,19,2018-05-26,18.5,25.8,0,ESE,54,12:29:00,SSE,22,ESE,26
7142,1372,BARRAMUNDI,2018-05-26 17:54:00,670,1.53,4.66,rising,17,2018-05-26,18.5,25.8,0,ESE,54,12:29:00,SSE,22,ESE,26
7163,494,BARRAMUNDI,2018-05-30 19:42:00,685,1.36,4.02,bottom,18,2018-05-30,13.5,25.9,0,NNE,26,12:17:00,SSW,9,ENE,17
7195,494,BARRAMUNDI,2018-06-03 18:47:00,640,3.3,1.35,falling,18,2018-06-03,7.5,24.9,0,WSW,28,10:50:00,SSW,13,ENE,13
7196,494,BARRAMUNDI,2018-06-03 18:48:00,660,3.3,1.35,falling,18,2018-06-03,7.5,24.9,0,WSW,28,10:50:00,SSW,13,ENE,13
7197,494,BARRAMUNDI,2018-06-03 18:49:00,660,3.3,1.35,falling,18,2018-06-03,7.5,24.9,0,WSW,28,10:50:00,SSW,13,ENE,13
7198,1180,BARRAMUNDI,2018-06-03 18:49:00,630,3.3,1.35,falling,19,2018-06-03,7.5,24.9,0,WSW,28,10:50:00,SSW,13,ENE,13
7199,1180,BARRAMUNDI,2018-06-03 19:12:00,615,3.19,1.35,falling,19,2018-06-03,7.5,24.9,0,WSW,28,10:50:00,SSW,13,ENE,13
7214,1400,BARRAMUNDI,2018-06-04 19:17:00,630,3.64,1.23,top,16,2018-06-04,10.1,25.7,0,NE,24,15:35:00,SW,9,NE,15
7215,1400,BARRAMUNDI,2018-06-05 16:34:00,670,2.84,3.59,rising,16,2018-06-05,13.4,24.8,0,ESE,41,17:54:00,S,13,ESE,22
7216,1400,BARRAMUNDI,2018-06-05 16:35:00,630,2.84,3.59,rising,16,2018-06-05,13.4,24.8,0,ESE,41,17:54:00,S,13,ESE,22
7217,1400,BARRAMUNDI,2018-06-05 16:36:00,580,2.84,3.59,rising,16,2018-06-05,13.4,24.8,0,ESE,41,17:54:00,S,13,ESE,22
7218,494,BARRAMUNDI,2018-06-05 16:38:00,630,2.84,3.59,rising,19,2018-06-05,13.4,24.8,0,ESE,41,17:54:00,S,13,ESE,22
7319,494,BARRAMUNDI,2018-06-17 19:56:00,630,1.65,1.46,falling,19,2018-06-17,14,22.6,0,WSW,28,13:44:00,SSW,11,WSW,15
7320,1400,BARRAMUNDI,2018-06-17 19:58:00,630,1.65,1.46,falling,16,2018-06-17,14,22.6,0,WSW,28,13:44:00,SSW,11,WSW,15
7347,1180,BARRAMUNDI,2018-06-22 16:12:00,700,1.84,4.46,rising,6,2018-06-22,12.9,24,0,E,43,15:46:00,SE,17,E,30
7498,1180,BARRAMUNDI,2018-07-13 06:47:00,640,1.2,3.29,bottom,18,2018-07-13,10.4,25,0,S,24,11:17:00,SW,11,SW,13
7530,1180,BARRAMUNDI,2018-07-22 18:21:00,630,3.43,4.56,rising,18,2018-07-22,8,23.1,0,E,31,10:24:00,SW,13,ENE,17
7531,1180,BARRAMUNDI,2018-07-22 18:24:00,645,3.43,4.56,rising,18,2018-07-22,8,23.1,0,E,31,10:24:00,SW,13,ENE,17
7532,1180,BARRAMUNDI,2018-07-22 18:27:00,615,3.43,4.56,rising,19,2018-07-22,8,23.1,0,E,31,10:24:00,SW,13,ENE,17
7654,1180,BARRAMUNDI,2018-07-31 19:37:00,740,2.31,1.54,falling,20,2018-07-31,9.6,23.9,0,NE,24,14:54:00,SW,9,NE,17
7689,1180,BARRAMUNDI,2018-08-05 20:10:00,710,3.98,0.9,top,19,2018-08-05,13.8,25.1,0,NE,26,13:36:00,SE,2,NE,20
7717,1372,BARRAMUNDI,2018-08-08 19:12:00,69,2.94,4.13,rising,6,2018-08-08,7.8,0,0,0,0,0:00:00,SW,9,NNE,19
8174,616,BARRAMUNDI,2018-08-26 06:54:00,73,1.27,3.46,bottom,17,2018-08-26,17.1,24.6,4.4,WSW,41,14:11:00,NNE,7,ENE,9
8181,1400,BARRAMUNDI,2018-08-28 17:18:00,820,2.32,1.73,rising,6,2018-08-28,11.3,24.5,0,NE,30,15:03:00,SW,11,NNE,20
8295,1400,BARRAMUNDI,2018-09-02 06:26:00,670,3.12,3.13,top,17,2018-09-02,11.9,27.5,0,NE,31,13:43:00,SSW,9,ENE,22
8313,1400,BARRAMUNDI,2018-09-06 17:01:00,695,1.3,4.17,rising,17,2018-09-06,16.4,24.1,0,ESE,39,9:24:00,ESE,20,ESE,28
8314,1400,BARRAMUNDI,2018-09-06 17:08:00,710,1.3,4.17,rising,17,2018-09-06,16.4,24.1,0,ESE,39,9:24:00,ESE,20,ESE,28
8315,1400,BARRAMUNDI,2018-09-06 17:46:00,675,2.08,4.17,rising,17,2018-09-06,16.4,24.1,0,ESE,39,9:24:00,ESE,20,ESE,28
8347,1180,BARRAMUNDI,2018-09-10 17:45:00,640,0.92,3.58,bottom,1,2018-09-10,12.1,27.1,0,ENE,30,14:38:00,SSW,15,E,20
8356,1400,BARRAMUNDI,2018-09-11 01:09:00,657,3.32,0.89,top,15,2018-09-11,16.6,25.8,0,E,39,13:37:00,SE,20,ENE,30
8387,1180,BARRAMUNDI,2018-09-13 19:28:00,710,1.87,1.44,falling,19,2018-09-13,14.1,26.2,0,ENE,31,13:57:00,S,6,ENE,22
8388,1400,BARRAMUNDI,2018-09-13 19:33:00,600,1.45,3.31,bottom,17,2018-09-13,14.1,26.2,0,ENE,31,13:57:00,S,6,ENE,22
8396,1400,BARRAMUNDI,2018-09-14 17:26:00,635,3.21,1.44,top,18,2018-09-14,13.9,25.6,0,NE,48,9:07:00,W,4,ENE,22
8397,1180,BARRAMUNDI,2018-09-14 18:15:00,675,3.15,1.44,falling,3,2018-09-14,13.9,25.6,0,NE,48,9:07:00,W,4,ENE,22
8398,1180,BARRAMUNDI,2018-09-15 03:43:00,600,2.79,3.06,top,3,2018-09-15,14.4,25.7,0,NE,28,13:28:00,SSE,6,NE,22
8399,1372,BARRAMUNDI,2018-09-15 03:43:00,700,2.43,3.06,top,17,2018-09-15,14.4,25.7,0,NE,28,13:28:00,SSE,6,NE,22
8429,1180,BARRAMUNDI,2018-09-18 17:47:00,555,3.01,4.33,rising,5,2018-09-18,17.8,25.6,0,SE,43,8:56:00,SE,28,ENE,26
8435,1180,BARRAMUNDI,2018-09-19 05:31:00,625,2.11,3.85,rising,5,2018-09-19,14,26,0,NE,31,14:01:00,NE,13,NE,22
8436,1400,BARRAMUNDI,2018-09-19 05:32:00,600,2.11,3.85,rising,20,2018-09-19,14,26,0,NE,31,14:01:00,NE,13,NE,22
8461,1400,BARRAMUNDI,2018-09-19 20:10:00,690,3.76,4.33,top,20,2018-09-19,14,26,0,NE,31,14:01:00,NE,13,NE,22
8462,1180,BARRAMUNDI,2018-09-19 20:12:00,540,3.76,4.33,top,20,2018-09-19,14,26,0,NE,31,14:01:00,NE,13,NE,22
8463,1180,BARRAMUNDI,2018-09-19 20:19:00,615,3.76,4.33,top,20,2018-09-19,14,26,0,NE,31,14:01:00,NE,13,NE,22
8464,1180,BARRAMUNDI,2018-09-19 20:21:00,580,3.76,4.33,top,20,2018-09-19,14,26,0,NE,31,14:01:00,NE,13,NE,22
8465,1180,BARRAMUNDI,2018-09-19 20:22:00,670,3.76,4.33,rising,20,2018-09-19,14,26,0,NE,31,14:01:00,NE,13,NE,22
8466,1400,BARRAMUNDI,2018-09-19 20:24:00,680,3.76,4.33,rising,20,2018-09-19,14,26,0,NE,31,14:01:00,NE,13,NE,22
8467,1996,BARRAMUNDI,2018-09-19 20:26:00,730,3.76,4.33,rising,20,2018-09-19,14,26,0,NE,31,14:01:00,NE,13,NE,22
9763,1996,BARRAMUNDI,2018-09-23 20:52:00,685,2.9,3.6,rising,12,2018-09-23,14.3,25.7,0,NE,37,12:03:00,SE,17,ENE,24
9764,1996,BARRAMUNDI,2018-09-09 12:35:00,660,3.36,0.7,top,20,2018-09-09,17.9,28.9,0,ENE,33,13:18:00,S,15,ENE,22
9765,1996,BARRAMUNDI,2018-09-23 20:52:00,620,2.9,3.6,rising,20,2018-09-23,14.3,25.7,0,NE,37,12:03:00,SE,17,ENE,24
9766,1400,BARRAMUNDI,2018-09-23 20:56:00,700,2.9,3.6,rising,21,2018-09-23,14.3,25.7,0,NE,37,12:03:00,SE,17,ENE,24
9787,1400,BARRAMUNDI,2018-09-25 21:50:00,720,2.47,3.41,rising,21,2018-09-25,16.9,25.7,0,ENE,46,12:28:00,SE,22,ENE,26
9788,1400,BARRAMUNDI,2018-09-25 21:51:00,620,2.47,3.41,rising,21,2018-09-25,16.9,25.7,0,ENE,46,12:28:00,SE,22,ENE,26
9789,1400,BARRAMUNDI,2018-09-25 21:56:00,770,2.47,3.41,rising,22,2018-09-25,16.9,25.7,0,ENE,46,12:28:00,SE,22,ENE,26
9790,616,BARRAMUNDI,2018-09-25 22:14:00,670,2.47,3.41,top,17,2018-09-25,16.9,25.7,0,ENE,46,12:28:00,SE,22,ENE,26
9799,616,BARRAMUNDI,2018-09-26 17:08:00,630,1.99,1.67,bottom,13,2018-09-26,16.1,25.3,0.6,ENE,35,13:37:00,ESE,20,ENE,24
9800,616,BARRAMUNDI,2018-09-26 13:42:00,665,3.14,1.67,falling,16,2018-09-26,16.1,25.3,0.6,ENE,35,13:37:00,ESE,20,ENE,24
9801,1400,BARRAMUNDI,2018-09-26 16:57:00,685,2.1,1.67,falling,21,2018-09-26,16.1,25.3,0.6,ENE,35,13:37:00,ESE,20,ENE,24
9802,1400,BARRAMUNDI,2018-09-26 21:56:00,645,2.13,3.23,rising,21,2018-09-26,16.1,25.3,0.6,ENE,35,13:37:00,ESE,20,ENE,24
9803,1400,BARRAMUNDI,2018-09-26 21:56:00,780,2.13,3.23,rising,21,2018-09-26,16.1,25.3,0.6,ENE,35,13:37:00,ESE,20,ENE,24
9804,1996,BARRAMUNDI,2018-09-26 21:58:00,630,2.13,3.23,rising,21,2018-09-26,16.1,25.3,0.6,ENE,35,13:37:00,ESE,20,ENE,24
9807,1524,BARRAMUNDI,2018-09-27 21:13:00,650,1.96,2.6,rising,14,2018-09-27,17.6,27.2,0,ENE,35,14:52:00,NNW,11,ENE,28
9809,1400,BARRAMUNDI,2018-09-28 14:45:00,660,3.06,3.07,top,22,2018-09-28,17.5,26.5,0,NE,35,14:29:00,NNE,15,NE,24
9816,1543,BARRAMUNDI,2018-09-29 10:36:00,680,1.72,3.2,bottom,18,2018-09-29,16.7,26.5,0,ENE,50,22:10:00,NE,13,ENE,22
9821,1543,BARRAMUNDI,2018-09-29 18:03:00,840,3.03,1.46,top,18,2018-09-29,16.7,26.5,0,ENE,50,22:10:00,NE,13,ENE,22
9823,1543,BARRAMUNDI,2018-09-29 18:04:00,840,3.03,1.46,top,18,2018-09-29,16.7,26.5,0,ENE,50,22:10:00,NE,13,ENE,22
9824,1543,BARRAMUNDI,2018-09-29 19:51:00,720,2.47,1.46,falling,19,2018-09-29,16.7,26.5,0,ENE,50,22:10:00,NE,13,ENE,22
9839,1996,BARRAMUNDI,2018-10-01 19:55:00,760,1.57,1.27,falling,19,2018-10-01,0,0,0,0,0,0:00:00,0,0,0,0
9840,1996,BARRAMUNDI,2018-10-01 19:56:00,650,1.57,1.27,falling,19,2018-10-01,0,0,0,0,0,0:00:00,0,0,0,0
9841,1996,BARRAMUNDI,2018-10-01 19:56:00,670,1.57,1.27,falling,19,2018-10-01,0,0,0,0,0,0:00:00,0,0,0,0
9842,1996,BARRAMUNDI,2018-10-01 19:56:00,680,1.57,1.27,falling,19,2018-10-01,0,0,0,0,0,0:00:00,0,0,0,0
9844,1400,BARRAMUNDI,2018-10-03 09:05:00,680,1.41,1.38,bottom,9,2018-10-03,0,0,0,0,0,0:00:00,0,0,0,0
9845,1400,BARRAMUNDI,2018-10-03 10:31:00,620,1.5,3.63,bottom,10,2018-10-03,0,0,0,0,0,0:00:00,0,0,0,0
9852,1400,BARRAMUNDI,2018-10-04 06:15:00,685,2.85,1.17,top,6,2018-10-04,0,0,0,0,0,0:00:00,0,0,NE,20
9853,1400,BARRAMUNDI,2018-10-04 08:30:00,660,1.81,1.17,falling,8,2018-10-04,0,0,0,0,0,0:00:00,0,0,NE,20
9854,1400,BARRAMUNDI,2018-10-04 08:53:00,810,1.81,1.17,falling,8,2018-10-04,0,0,0,0,0,0:00:00,0,0,NE,20
9918,639,BARRAMUNDI,2018-10-04 19:04:00,705,3.45,0.89,top,19,2018-10-04,0,0,0,0,0,0:00:00,0,0,NE,20
9927,1400,BARRAMUNDI,2018-10-04 23:22:00,610,0.96,0.89,bottom,23,2018-10-04,0,0,0,0,0,0:00:00,0,0,NE,20
9928,1400,BARRAMUNDI,2018-10-04 23:29:00,720,0.96,0.89,bottom,23,2018-10-04,0,0,0,0,0,0:00:00,0,0,NE,20
9929,1400,BARRAMUNDI,2018-10-04 23:29:00,700,0.96,0.89,bottom,23,2018-10-04,0,0,0,0,0,0:00:00,0,0,NE,20
10621,1400,BARRAMUNDI,2018-10-06 07:05:00,720,3.66,0.63,top,7,2018-10-06,18,26.4,5.2,NE,33,13:53:00,ESE,7,NE,26
10626,1400,BARRAMUNDI,2018-10-06 07:13:00,700,3.66,0.63,top,7,2018-10-06,18,26.4,5.2,NE,33,13:53:00,ESE,7,NE,26
10639,1400,BARRAMUNDI,2018-10-06 07:28:00,560,3.64,0.63,top,7,2018-10-06,18,26.4,5.2,NE,33,13:53:00,ESE,7,NE,26
10640,1400,BARRAMUNDI,2018-10-06 07:39:00,600,3.59,0.63,top,7,2018-10-06,18,26.4,5.2,NE,33,13:53:00,ESE,7,NE,26
11258,1996,BARRAMUNDI,2018-10-07 07:03:00,700,3.69,3.88,top,7,2018-10-07,18,26.7,0,NE,33,13:16:00,SE,7,NE,20
11259,1996,BARRAMUNDI,2018-10-07 07:03:00,720,3.69,3.88,top,7,2018-10-07,18,26.7,0,NE,33,13:16:00,SE,7,NE,20
11260,1996,BARRAMUNDI,2018-10-07 07:06:00,700,3.69,3.88,top,7,2018-10-07,18,26.7,0,NE,33,13:16:00,SE,7,NE,20
11261,1996,BARRAMUNDI,2018-10-07 07:08:00,650,3.69,3.88,top,7,2018-10-07,18,26.7,0,NE,33,13:16:00,SE,7,NE,20
11262,1996,BARRAMUNDI,2018-10-07 07:12:00,640,3.79,3.88,top,7,2018-10-07,18,26.7,0,NE,33,13:16:00,SE,7,NE,20
11263,1996,BARRAMUNDI,2018-10-07 07:13:00,690,3.79,3.88,top,7,2018-10-07,18,26.7,0,NE,33,13:16:00,SE,7,NE,20
11268,1400,BARRAMUNDI,2018-10-08 05:25:00,640,2.13,4.03,rising,5,2018-10-08,18.6,27.9,0,ENE,31,13:21:00,NE,13,NE,24
11269,1400,BARRAMUNDI,2018-10-08 05:35:00,660,2.13,4.03,rising,5,2018-10-08,18.6,27.9,0,ENE,31,13:21:00,NE,13,NE,24
11270,1400,BARRAMUNDI,2018-10-08 05:40:00,670,2.43,4.03,rising,5,2018-10-08,18.6,27.9,0,ENE,31,13:21:00,NE,13,NE,24
11271,1400,BARRAMUNDI,2018-10-08 05:51:00,675,2.43,4.03,rising,5,2018-10-08,18.6,27.9,0,ENE,31,13:21:00,NE,13,NE,24
11272,1400,BARRAMUNDI,2018-10-08 06:45:00,690,3.25,4.03,rising,6,2018-10-08,18.6,27.9,0,ENE,31,13:21:00,NE,13,NE,24
11273,1400,BARRAMUNDI,2018-10-08 07:36:00,630,3.82,4.03,top,7,2018-10-08,18.6,27.9,0,ENE,31,13:21:00,NE,13,NE,24
11274,1400,BARRAMUNDI,2018-10-08 07:44:00,700,3.56,4.03,top,7,2018-10-08,18.6,27.9,0,ENE,31,13:21:00,NE,13,NE,24
11275,1400,BARRAMUNDI,2018-10-08 08:13:00,680,4.01,4.03,top,8,2018-10-08,18.6,27.9,0,ENE,31,13:21:00,NE,13,NE,24
11276,1400,BARRAMUNDI,2018-10-08 08:33:00,665,4.03,0.33,top,8,2018-10-08,18.6,27.9,0,ENE,31,13:21:00,NE,13,NE,24
11277,1400,BARRAMUNDI,2018-10-08 08:41:00,665,4.01,0.33,top,8,2018-10-08,18.6,27.9,0,ENE,31,13:21:00,NE,13,NE,24
11278,1400,BARRAMUNDI,2018-10-08 08:52:00,710,4.01,0.33,top,8,2018-10-08,18.6,27.9,0,ENE,31,13:21:00,NE,13,NE,24
11279,1400,BARRAMUNDI,2018-10-08 09:11:00,670,3.94,0.33,top,9,2018-10-08,18.6,27.9,0,ENE,31,13:21:00,NE,13,NE,24
11280,1400,BARRAMUNDI,2018-10-08 09:20:00,655,3.83,0.33,top,9,2018-10-08,18.6,27.9,0,ENE,31,13:21:00,NE,13,NE,24
11298,1400,BARRAMUNDI,2018-10-10 05:59:00,600,1.31,4.14,rising,5,2018-10-10,18.5,30.5,8.4,NNE,35,15:29:00,NNW,20,NNW,19
11299,1400,BARRAMUNDI,2018-10-10 06:26:00,700,1.89,4.14,rising,6,2018-10-10,18.5,30.5,8.4,NNE,35,15:29:00,NNW,20,NNW,19
11300,1400,BARRAMUNDI,2018-10-10 10:31:00,660,4.05,0.44,top,10,2018-10-10,18.5,30.5,8.4,NNE,35,15:29:00,NNW,20,NNW,19
11303,1400,BARRAMUNDI,2018-10-11 06:22:00,720,1.4,4.07,rising,6,2018-10-11,22.5,0,0,0,0,0:00:00,NNE,19,NE,24
11304,1400,BARRAMUNDI,2018-10-11 06:29:00,715,1.4,4.07,rising,6,2018-10-11,22.5,0,0,0,0,0:00:00,NNE,19,NE,24
11305,1400,BARRAMUNDI,2018-10-11 06:35:00,640,1.4,4.07,rising,6,2018-10-11,22.5,0,0,0,0,0:00:00,NNE,19,NE,24
11306,1400,BARRAMUNDI,2018-10-11 06:41:00,680,1.67,4.07,rising,6,2018-10-11,22.5,0,0,0,0,0:00:00,NNE,19,NE,24
11307,1400,BARRAMUNDI,2018-10-11 06:57:00,660,1.95,4.07,rising,6,2018-10-11,22.5,0,0,0,0,0:00:00,NNE,19,NE,24
11308,1400,BARRAMUNDI,2018-10-11 08:11:00,685,3.07,4.07,rising,8,2018-10-11,22.5,0,0,0,0,0:00:00,NNE,19,NE,24
11309,1400,BARRAMUNDI,2018-10-11 09:00:00,680,3.53,4.07,top,9,2018-10-11,22.5,0,0,0,0,0:00:00,NNE,19,NE,24
11310,1400,BARRAMUNDI,2018-10-11 09:30:00,670,3.87,4.07,top,9,2018-10-11,22.5,0,0,0,0,0:00:00,NNE,19,NE,24
11311,616,BARRAMUNDI,2018-10-11 07:04:00,720,1.95,4.07,rising,7,2018-10-11,22.5,0,0,0,0,0:00:00,NNE,19,NE,24
11312,616,BARRAMUNDI,2018-10-11 07:17:00,740,1.95,4.07,rising,7,2018-10-11,22.5,0,0,0,0,0:00:00,NNE,19,NE,24
11313,616,BARRAMUNDI,2018-10-10 08:38:00,840,3.77,4.14,top,8,2018-10-10,18.5,30.5,8.4,NNE,35,15:29:00,NNW,20,NNW,19
11314,616,BARRAMUNDI,2018-10-11 06:42:00,710,1.67,4.07,rising,6,2018-10-11,22.5,0,0,0,0,0:00:00,NNE,19,NE,24
11315,1400,BARRAMUNDI,2018-10-11 10:28:00,760,4.07,0.65,top,10,2018-10-11,22.5,0,0,0,0,0:00:00,NNE,19,NE,24
11316,1400,BARRAMUNDI,2018-10-11 12:37:00,640,3.37,0.65,top,12,2018-10-11,22.5,0,0,0,0,0:00:00,NNE,19,NE,24
11317,1400,BARRAMUNDI,2018-10-11 12:41:00,600,3.14,0.65,falling,12,2018-10-11,22.5,0,0,0,0,0:00:00,NNE,19,NE,24
11319,1400,BARRAMUNDI,2018-10-12 05:21:00,650,0.72,3.91,bottom,5,2018-10-12,20.4,25.1,0,E,39,13:23:00,ESE,20,ENE,17
11320,1400,BARRAMUNDI,2018-10-12 05:30:00,680,0.72,3.91,bottom,5,2018-10-12,20.4,25.1,0,E,39,13:23:00,ESE,20,ENE,17
11321,1400,BARRAMUNDI,2018-10-12 05:36:00,650,0.72,3.91,bottom,5,2018-10-12,20.4,25.1,0,E,39,13:23:00,ESE,20,ENE,17
11322,1400,BARRAMUNDI,2018-10-12 05:41:00,690,0.82,3.91,bottom,5,2018-10-12,20.4,25.1,0,E,39,13:23:00,ESE,20,ENE,17
11323,1400,BARRAMUNDI,2018-10-12 06:08:00,610,0.95,3.91,bottom,6,2018-10-12,20.4,25.1,0,E,39,13:23:00,ESE,20,ENE,17
11324,1400,BARRAMUNDI,2018-10-12 06:27:00,650,1.12,3.91,rising,6,2018-10-12,20.4,25.1,0,E,39,13:23:00,ESE,20,ENE,17
11325,1400,BARRAMUNDI,2018-10-12 06:34:00,690,1.31,3.91,rising,6,2018-10-12,20.4,25.1,0,E,39,13:23:00,ESE,20,ENE,17
11326,1400,BARRAMUNDI,2018-10-12 06:42:00,660,1.31,3.91,rising,6,2018-10-12,20.4,25.1,0,E,39,13:23:00,ESE,20,ENE,17
11327,1400,BARRAMUNDI,2018-10-12 06:49:00,670,1.31,3.91,rising,6,2018-10-12,20.4,25.1,0,E,39,13:23:00,ESE,20,ENE,17
11328,1400,BARRAMUNDI,2018-10-12 06:55:00,735,1.53,3.91,rising,6,2018-10-12,20.4,25.1,0,E,39,13:23:00,ESE,20,ENE,17
11329,1400,BARRAMUNDI,2018-10-12 07:03:00,655,1.53,3.91,rising,7,2018-10-12,20.4,25.1,0,E,39,13:23:00,ESE,20,ENE,17
11330,1400,BARRAMUNDI,2018-10-12 07:19:00,700,1.77,3.91,rising,7,2018-10-12,20.4,25.1,0,E,39,13:23:00,ESE,20,ENE,17
11331,1400,BARRAMUNDI,2018-10-12 07:39:00,705,2.02,3.91,rising,7,2018-10-12,20.4,25.1,0,E,39,13:23:00,ESE,20,ENE,17
11332,1400,BARRAMUNDI,2018-10-12 07:49:00,630,2.28,3.91,rising,7,2018-10-12,20.4,25.1,0,E,39,13:23:00,ESE,20,ENE,17
11334,1368,BARRAMUNDI,2018-10-12 21:47:00,495,3.07,3.44,top,21,2018-10-12,20.4,25.1,0,E,39,13:23:00,ESE,20,ENE,17
11351,1368,BARRAMUNDI,2018-10-13 20:16:00,720,1.74,3.11,rising,20,2018-10-13,17.6,23.7,22,SE,31,4:24:00,S,13,ENE,17
11376,1543,BARRAMUNDI,2018-10-14 23:15:00,700,2.63,2.83,top,23,2018-10-14,18,27.2,9,ENE,37,16:11:00,SE,11,NNE,17
11378,1996,BARRAMUNDI,2018-10-15 06:53:00,740,1.5,3.28,bottom,6,2018-10-15,17.2,29.9,0,E,35,13:54:00,SW,13,NE,17
11390,1400,BARRAMUNDI,2018-10-15 16:41:00,650,2.48,1.67,falling,16,2018-10-15,17.2,29.9,0,E,35,13:54:00,SW,13,NE,17
11392,1400,BARRAMUNDI,2018-10-15 16:56:00,655,2.35,1.67,falling,16,2018-10-15,17.2,29.9,0,E,35,13:54:00,SW,13,NE,17
11402,1465,BARRAMUNDI,2018-10-07 15:51:00,865,1.24,4.38,rising,15,2018-10-07,18,26.7,0,NE,33,13:16:00,SE,7,NE,20
11403,1465,BARRAMUNDI,2018-10-15 17:30:00,680,2.23,1.67,falling,17,2018-10-15,17.2,29.9,0,E,35,13:54:00,SW,13,NE,17
11406,1400,BARRAMUNDI,2018-10-15 18:21:00,690,1.71,1.67,falling,18,2018-10-15,17.2,29.9,0,E,35,13:54:00,SW,13,NE,17
11408,1372,BARRAMUNDI,2018-10-13 16:23:00,680,1.58,1.22,falling,16,2018-10-13,17.6,23.7,22,SE,31,4:24:00,S,13,ENE,17
11452,215,BARRAMUNDI,2018-10-16 07:58:00,660,1.74,3.16,bottom,7,2018-10-16,18.2,29.9,0,ESE,33,19:23:00,S,17,ENE,22
11478,215,BARRAMUNDI,2018-10-16 06:46:00,665,1.7,3.16,bottom,6,2018-10-16,18.2,29.9,0,ESE,33,19:23:00,S,17,ENE,22
11479,215,BARRAMUNDI,2018-10-16 06:32:00,635,1.72,1.7,bottom,6,2018-10-16,18.2,29.9,0,ESE,33,19:23:00,S,17,ENE,22
11723,1400,BARRAMUNDI,2018-10-17 08:17:00,575,1.83,1.79,bottom,8,2018-10-17,20.6,26.3,0,ESE,37,15:10:00,ESE,17,E,24
11737,1400,BARRAMUNDI,2018-10-17 08:48:00,560,1.81,1.79,bottom,8,2018-10-17,20.6,26.3,0,ESE,37,15:10:00,ESE,17,E,24
11746,1400,BARRAMUNDI,2018-10-17 09:24:00,690,1.8,3.19,bottom,9,2018-10-17,20.6,26.3,0,ESE,37,15:10:00,ESE,17,E,24
12128,1373,BARRAMUNDI,2018-10-18 08:42:00,700,1.96,1.66,bottom,9,2018-10-18,20.4,27.7,0,ENE,37,13:15:00,ESE,24,ENE,22
12127,1373,BARRAMUNDI,2018-10-18 09:41:00,680,1.72,1.66,bottom,8,2018-10-18,20.4,27.7,0,ENE,37,13:15:00,ESE,24,ENE,22
12158,1400,BARRAMUNDI,2018-10-19 05:28:00,680,3.01,3.02,top,5,2018-10-19,20.3,27.9,0,ENE,33,14:59:00,ESE,20,ENE,24
12159,1400,BARRAMUNDI,2018-10-19 07:16:00,550,2.79,1.24,top,7,2018-10-19,20.3,27.9,0,ENE,33,14:59:00,ESE,20,ENE,24
12385,1400,BARRAMUNDI,2018-10-20 18:46:00,700,3.68,0.88,top,18,2018-10-20,20.1,27.5,0,NE,31,11:37:00,ESE,15,NNE,20
12386,1400,BARRAMUNDI,2018-10-20 18:54:00,700,3.66,0.88,top,18,2018-10-20,20.1,27.5,0,NE,31,11:37:00,ESE,15,NNE,20
12499,1400,BARRAMUNDI,2018-10-21 08:15:00,615,3.26,1.05,top,17,2018-10-21,18.7,27.7,0,ENE,31,14:19:00,NE,9,ENE,20
12498,639,BARRAMUNDI,2018-10-21 17:44:00,700,3.4,3.8,top,8,2018-10-21,18.7,27.7,0,ENE,31,14:19:00,NE,9,ENE,20
12500,639,BARRAMUNDI,2018-10-21 17:49:00,690,3.4,3.8,top,17,2018-10-21,18.7,27.7,0,ENE,31,14:19:00,NE,9,ENE,20
12527,1543,BARRAMUNDI,2018-10-22 06:14:00,650,3.25,3.69,top,9,2018-10-22,21.1,28.6,0,NE,31,15:17:00,NNE,13,NNE,22
12510,1543,BARRAMUNDI,2018-10-22 09:26:00,700,3.11,0.88,top,9,2018-10-22,21.1,28.6,0,NE,31,15:17:00,NNE,13,NNE,22
12511,1543,BARRAMUNDI,2018-10-22 09:28:00,630,3.11,0.88,top,9,2018-10-22,21.1,28.6,0,NE,31,15:17:00,NNE,13,NNE,22
12512,1543,BARRAMUNDI,2018-10-22 09:30:00,620,3.11,0.88,top,9,2018-10-22,21.1,28.6,0,NE,31,15:17:00,NNE,13,NNE,22
12513,1543,BARRAMUNDI,2018-10-22 09:31:00,650,3.11,0.88,top,9,2018-10-22,21.1,28.6,0,NE,31,15:17:00,NNE,13,NNE,22
12514,1543,BARRAMUNDI,2018-10-22 09:32:00,660,3.11,0.88,top,9,2018-10-22,21.1,28.6,0,NE,31,15:17:00,NNE,13,NNE,22
12515,1543,BARRAMUNDI,2018-10-22 09:34:00,700,3.11,0.88,top,9,2018-10-22,21.1,28.6,0,NE,31,15:17:00,NNE,13,NNE,22
12516,1543,BARRAMUNDI,2018-10-22 09:35:00,700,3.11,0.88,top,9,2018-10-22,21.1,28.6,0,NE,31,15:17:00,NNE,13,NNE,22
12517,1543,BARRAMUNDI,2018-10-22 09:36:00,860,3.11,0.88,top,9,2018-10-22,21.1,28.6,0,NE,31,15:17:00,NNE,13,NNE,22
12521,1543,BARRAMUNDI,2018-10-22 09:43:00,680,2.92,0.88,falling,9,2018-10-22,21.1,28.6,0,NE,31,15:17:00,NNE,13,NNE,22
12522,1543,BARRAMUNDI,2018-10-22 09:45:00,630,2.92,0.88,falling,9,2018-10-22,21.1,28.6,0,NE,31,15:17:00,NNE,13,NNE,22
12523,1543,BARRAMUNDI,2018-10-22 09:47:00,690,2.92,0.88,falling,9,2018-10-22,21.1,28.6,0,NE,31,15:17:00,NNE,13,NNE,22
12524,1543,BARRAMUNDI,2018-10-22 09:48:00,690,2.92,0.88,falling,9,2018-10-22,21.1,28.6,0,NE,31,15:17:00,NNE,13,NNE,22
12525,1543,BARRAMUNDI,2018-10-22 09:49:00,610,2.92,0.88,falling,9,2018-10-22,21.1,28.6,0,NE,31,15:17:00,NNE,13,NNE,22
12526,639,BARRAMUNDI,2018-10-22 09:51:00,690,2.72,0.88,falling,6,2018-10-22,21.1,28.6,0,NE,31,15:17:00,NNE,13,NNE,22
12528,639,BARRAMUNDI,2018-10-22 05:40:00,670,3.08,3.69,rising,5,2018-10-22,21.1,28.6,0,NE,31,15:17:00,NNE,13,NNE,22
12535,494,BARRAMUNDI,2018-10-22 16:55:00,660,2.61,3.88,rising,16,2018-10-22,21.1,28.6,0,NE,31,15:17:00,NNE,13,NNE,22
12536,494,BARRAMUNDI,2018-10-22 16:57:00,560,2.61,3.88,rising,16,2018-10-22,21.1,28.6,0,NE,31,15:17:00,NNE,13,NNE,22
12539,1400,BARRAMUNDI,2018-10-23 05:00:00,705,2.22,3.85,rising,5,2018-10-23,23,28.9,0,NE,33,14:38:00,E,6,NE,24
12540,1400,BARRAMUNDI,2018-10-23 05:40:00,690,2.72,3.85,rising,5,2018-10-23,23,28.9,0,NE,33,14:38:00,E,6,NE,24
12541,1400,BARRAMUNDI,2018-10-23 06:19:00,670,2.96,3.85,rising,6,2018-10-23,23,28.9,0,NE,33,14:38:00,E,6,NE,24
12542,616,BARRAMUNDI,2018-10-23 06:20:00,850,2.96,3.85,rising,6,2018-10-23,23,28.9,0,NE,33,14:38:00,E,6,NE,24
12545,616,BARRAMUNDI,2018-10-23 06:34:00,650,3.18,3.85,rising,6,2018-10-23,23,28.9,0,NE,33,14:38:00,E,6,NE,24
12547,1400,BARRAMUNDI,2018-10-23 07:15:00,700,3.67,3.85,top,7,2018-10-23,23,28.9,0,NE,33,14:38:00,E,6,NE,24
12554,1400,BARRAMUNDI,2018-10-23 07:19:00,700,3.67,3.85,top,7,2018-10-23,23,28.9,0,NE,33,14:38:00,E,6,NE,24
12548,1400,BARRAMUNDI,2018-10-23 07:30:00,640,3.77,3.85,top,8,2018-10-23,23,28.9,0,NE,33,14:38:00,E,6,NE,24
12553,1400,BARRAMUNDI,2018-10-23 07:44:00,690,3.77,3.85,top,9,2018-10-23,23,28.9,0,NE,33,14:38:00,E,6,NE,24
12549,1400,BARRAMUNDI,2018-10-23 08:38:00,680,3.83,0.75,top,9,2018-10-23,23,28.9,0,NE,33,14:38:00,E,6,NE,24
12550,1373,BARRAMUNDI,2018-10-23 09:07:00,640,3.68,0.75,top,7,2018-10-23,23,28.9,0,NE,33,14:38:00,E,6,NE,24
12552,1372,BARRAMUNDI,2018-10-23 09:36:00,600,3.55,0.75,top,7,2018-10-23,23,28.9,0,NE,33,14:38:00,E,6,NE,24
12555,494,BARRAMUNDI,2018-10-23 14:05:00,630,0.77,0.75,bottom,14,2018-10-23,23,28.9,0,NE,33,14:38:00,E,6,NE,24
12556,494,BARRAMUNDI,2018-10-23 14:07:00,700,0.77,0.75,bottom,14,2018-10-23,23,28.9,0,NE,33,14:38:00,E,6,NE,24
12557,1465,BARRAMUNDI,2018-10-22 17:02:00,790,2.61,3.88,rising,17,2018-10-22,21.1,28.6,0,NE,31,15:17:00,NNE,13,NNE,22
12558,1712,BARRAMUNDI,2018-10-19 08:23:00,680,2.36,1.24,top,8,2018-10-19,20.3,27.9,0,ENE,33,14:59:00,ESE,20,ENE,24
12559,1712,BARRAMUNDI,2018-10-19 06:45:00,650,1.93,1.24,top,6,2018-10-19,20.3,27.9,0,ENE,33,14:59:00,ESE,20,ENE,24
12562,616,BARRAMUNDI,2018-10-24 17:19:00,640,1.78,3.87,rising,17,2018-10-24,20.3,30.1,0,ESE,46,20:53:00,NE,7,ENE,22
12566,1400,BARRAMUNDI,2018-10-25 07:28:00,700,3.33,4.07,rising,7,2018-10-25,20.5,29.1,0,ENE,35,13:02:00,ESE,17,ENE,20
12567,1400,BARRAMUNDI,2018-10-25 16:41:00,750,0.95,3.78,rising,16,2018-10-25,20.5,29.1,0,ENE,35,13:02:00,ESE,17,ENE,20
12568,1400,BARRAMUNDI,2018-10-25 17:35:00,680,1.5,3.78,rising,17,2018-10-25,20.5,29.1,0,ENE,35,13:02:00,ESE,17,ENE,20
12569,0,BARRAMUNDI,2018-10-26 07:28:00,700,2.86,4.11,rising,7,2018-10-26,19.1,34.1,0,N,35,16:44:00,NW,11,NE,19
12595,1368,BARRAMUNDI,2018-10-27 21:32:00,730,3.19,3.44,top,21,2018-10-27,21.5,30,0,ENE,33,11:38:00,ESE,19,NE,22
12596,1368,BARRAMUNDI,2018-10-27 22:22:00,825,3.42,3.44,top,22,2018-10-27,21.5,30,0,ENE,33,11:38:00,ESE,19,NE,22
12597,616,BARRAMUNDI,2018-10-28 07:42:00,825,2.15,3.98,rising,7,2018-10-28,20,31.2,0,NNE,35,15:28:00,NNW,17,NNE,24
12598,616,BARRAMUNDI,2018-10-28 07:48:00,710,2.15,3.98,rising,7,2018-10-28,20,31.2,0,NNE,35,15:28:00,NNW,17,NNE,24
12599,494,BARRAMUNDI,2018-10-28 10:19:00,840,3.81,3.98,rising,10,2018-10-28,20,31.2,0,NNE,35,15:28:00,NNW,17,NNE,24
12600,494,BARRAMUNDI,2018-10-28 10:20:00,720,3.81,3.98,rising,10,2018-10-28,20,31.2,0,NNE,35,15:28:00,NNW,17,NNE,24
12625,616,BARRAMUNDI,2018-10-29 08:56:00,635,2.44,3.71,rising,8,2018-10-29,22.2,28.2,27,E,39,16:05:00,ESE,24,ENE,22
12626,616,BARRAMUNDI,2018-10-29 09:34:00,830,2.87,3.71,rising,9,2018-10-29,22.2,28.2,27,E,39,16:05:00,ESE,24,ENE,22
12627,616,BARRAMUNDI,2018-10-29 09:40:00,680,2.87,3.71,rising,9,2018-10-29,22.2,28.2,27,E,39,16:05:00,ESE,24,ENE,22
12633,616,BARRAMUNDI,2018-10-30 08:28:00,630,1.78,3.71,rising,9,2018-10-30,21.2,28.4,2,ESE,48,16:12:00,SE,24,E,28
12632,616,BARRAMUNDI,2018-10-30 09:40:00,690,2.3,3.71,rising,8,2018-10-30,21.2,28.4,2,ESE,48,16:12:00,SE,24,E,28
12642,616,BARRAMUNDI,2018-10-31 08:22:00,670,1.45,3.66,bottom,8,2018-10-31,22.6,25.8,5,ENE,35,2:50:00,ESE,22,ESE,20
12643,616,BARRAMUNDI,2018-10-31 08:23:00,660,1.45,3.66,bottom,8,2018-10-31,22.6,25.8,5,ENE,35,2:50:00,ESE,22,ESE,20
12650,1367,BARRAMUNDI,2018-11-02 17:09:00,700,3.9,0.83,top,17,2018-11-02,22.3,27.7,0,ESE,39,11:53:00,ENE,24,ESE,22
12675,1400,BARRAMUNDI,2018-11-05 05:03:00,710,2.77,4,rising,5,2018-11-05,21.6,31.8,0,NE,35,14:18:00,NNW,20,NNE,24
12676,616,BARRAMUNDI,2018-11-05 06:34:00,650,3.81,4,top,6,2018-11-05,21.6,31.8,0,NE,35,14:18:00,NNW,20,NNE,24
12677,1400,BARRAMUNDI,2018-11-05 07:15:00,700,3.98,4,top,7,2018-11-05,21.6,31.8,0,NE,35,14:18:00,NNW,20,NNE,24
12678,1400,BARRAMUNDI,2018-11-05 07:30:00,615,4,0.61,top,7,2018-11-05,21.6,31.8,0,NE,35,14:18:00,NNW,20,NNE,24
12699,1400,BARRAMUNDI,2018-11-07 05:28:00,720,1.98,4.21,rising,5,2018-11-07,23.4,30.4,0,NNE,39,11:30:00,NNW,22,NNE,26
12700,1400,BARRAMUNDI,2018-11-07 06:13:00,710,2.88,4.21,rising,6,2018-11-07,23.4,30.4,0,NNE,39,11:30:00,NNW,22,NNE,26
12701,1400,BARRAMUNDI,2018-11-07 09:19:00,690,4.19,0.55,top,9,2018-11-07,23.4,30.4,0,NNE,39,11:30:00,NNW,22,NNE,26
12702,616,BARRAMUNDI,2018-11-07 08:41:00,720,4.21,0.55,top,8,2018-11-07,23.4,30.4,0,NNE,39,11:30:00,NNW,22,NNE,26
12703,616,BARRAMUNDI,2018-11-07 07:12:00,680,3.64,4.21,top,7,2018-11-07,23.4,30.4,0,NNE,39,11:30:00,NNW,22,NNE,26
12704,616,BARRAMUNDI,2018-11-07 06:14:00,750,2.88,4.21,rising,6,2018-11-07,23.4,30.4,0,NNE,39,11:30:00,NNW,22,NNE,26
12705,1400,BARRAMUNDI,2018-11-07 13:30:00,710,1.09,0.55,falling,13,2018-11-07,23.4,30.4,0,NNE,39,11:30:00,NNW,22,NNE,26
12712,616,BARRAMUNDI,2018-11-08 06:15:00,700,2.32,4.22,rising,6,2018-11-08,23,30.1,0.8,SSW,39,8:48:00,S,13,SSE,17
12741,1372,BARRAMUNDI,2018-11-10 07:29:00,675,2.38,4.01,rising,7,2018-11-10,19.6,28.2,0,ESE,39,8:59:00,SE,22,ENE,26
12776,1543,BARRAMUNDI,2018-11-11 06:10:00,720,1.38,3.82,rising,6,2018-11-11,19.5,29.2,0,ESE,46,18:46:00,SE,24,E,28
12777,1543,BARRAMUNDI,2018-11-11 06:12:00,580,1.38,3.82,rising,6,2018-11-11,19.5,29.2,0,ESE,46,18:46:00,SE,24,E,28
12778,1543,BARRAMUNDI,2018-11-11 06:14:00,730,1.38,3.82,rising,6,2018-11-11,19.5,29.2,0,ESE,46,18:46:00,SE,24,E,28
12779,1543,BARRAMUNDI,2018-11-11 06:17:00,640,1.38,3.82,rising,6,2018-11-11,19.5,29.2,0,ESE,46,18:46:00,SE,24,E,28
12785,2843,BARRAMUNDI,2018-11-11 17:57:00,700,1.21,3.06,bottom,17,2018-11-11,19.5,29.2,0,ESE,46,18:46:00,SE,24,E,28
12786,494,BARRAMUNDI,2018-11-11 20:42:00,690,2.28,3.06,rising,20,2018-11-11,19.5,29.2,0,ESE,46,18:46:00,SE,24,E,28
12787,494,BARRAMUNDI,2018-11-11 20:42:00,650,2.28,3.06,rising,20,2018-11-11,19.5,29.2,0,ESE,46,18:46:00,SE,24,E,28
12788,494,BARRAMUNDI,2018-11-11 20:43:00,620,2.28,3.06,rising,20,2018-11-11,19.5,29.2,0,ESE,46,18:46:00,SE,24,E,28
12789,494,BARRAMUNDI,2018-11-11 20:44:00,700,2.28,3.06,rising,20,2018-11-11,19.5,29.2,0,ESE,46,18:46:00,SE,24,E,28
12817,1400,BARRAMUNDI,2018-11-15 19:12:00,675,2.01,1.56,falling,19,2018-11-15,20.6,28.8,0,ENE,35,12:28:00,ENE,11,NE,20
12826,1648,BARRAMUNDI,2018-11-16 19:11:00,700,3.08,1.4,top,19,2018-11-16,20,29.5,0,ENE,31,12:49:00,E,13,ENE,22
12834,308,BARRAMUNDI,2018-11-17 07:35:00,675,2.4,1.65,falling,7,2018-11-17,19.7,29.4,0,NE,35,10:22:00,NE,15,NNE,20
12836,308,BARRAMUNDI,2018-11-17 08:00:00,745,2.19,1.65,falling,8,2018-11-17,19.7,29.4,0,NE,35,10:22:00,NE,15,NNE,20
12837,308,BARRAMUNDI,2018-11-17 08:20:00,695,2.1,1.65,falling,8,2018-11-17,19.7,29.4,0,NE,35,10:22:00,NE,15,NNE,20
12838,308,BARRAMUNDI,2018-11-17 09:41:00,700,1.72,1.65,falling,9,2018-11-17,19.7,29.4,0,NE,35,10:22:00,NE,15,NNE,20
12839,308,BARRAMUNDI,2018-11-17 10:00:00,600,1.68,1.65,bottom,10,2018-11-17,19.7,29.4,0,NE,35,10:22:00,NE,15,NNE,20
12862,1543,BARRAMUNDI,2018-11-18 22:17:00,700,1.5,1.44,falling,22,2018-11-18,20.8,29,1.4,ESE,46,17:35:00,ESE,17,ENE,30
12983,1400,BARRAMUNDI,2018-11-21 05:33:00,600,3.08,4,rising,5,2018-11-21,20.1,30.7,0,NNE,41,12:30:00,NNW,20,NNE,22
12986,1400,BARRAMUNDI,2018-11-21 07:42:00,630,4,0.87,top,7,2018-11-21,20.1,30.7,0,NNE,41,12:30:00,NNW,20,NNE,22
12988,1400,BARRAMUNDI,2018-11-22 04:59:00,750,2.06,4.18,rising,4,2018-11-22,24.4,32.6,0,W,43,17:00:00,NNW,22,N,24
12989,1400,BARRAMUNDI,2018-11-22 06:14:00,650,3.18,4.18,rising,6,2018-11-22,24.4,32.6,0,W,43,17:00:00,NNW,22,N,24
12996,1400,BARRAMUNDI,2018-11-22 07:09:00,665,3.83,4.18,top,7,2018-11-22,24.4,32.6,0,W,43,17:00:00,NNW,22,N,24
13095,1400,BARRAMUNDI,2018-11-22 09:53:00,675,3.68,0.74,falling,9,2018-11-22,24.4,32.6,0,W,43,17:00:00,NNW,22,N,24
13125,1543,BARRAMUNDI,2018-11-23 14:38:00,850,0.87,0.67,bottom,14,2018-11-23,23.1,34.3,26.4,NW,43,12:39:00,SW,13,WNW,22
13312,308,BARRAMUNDI,2018-11-25 06:25:00,710,1.6,4.35,rising,6,2018-11-25,19.2,37.3,0,NNW,39,13:50:00,NW,7,NNW,28
13313,308,BARRAMUNDI,2018-11-25 06:52:00,695,2.16,4.35,rising,6,2018-11-25,19.2,37.3,0,NNW,39,13:50:00,NW,7,NNW,28
13314,308,BARRAMUNDI,2018-11-25 06:58:00,750,2.16,4.35,rising,6,2018-11-25,19.2,37.3,0,NNW,39,13:50:00,NW,7,NNW,28
13315,308,BARRAMUNDI,2018-11-25 07:06:00,680,2.46,4.35,rising,7,2018-11-25,19.2,37.3,0,NNW,39,13:50:00,NW,7,NNW,28
13372,1543,BARRAMUNDI,2018-11-27 23:01:00,702,2.81,3.12,top,23,2018-11-27,20.1,30.8,0,ESE,26,8:35:00,E,17,ENE,17
13373,1543,BARRAMUNDI,2018-11-27 23:02:00,700,2.81,3.12,top,23,2018-11-27,20.1,30.8,0,ESE,26,8:35:00,E,17,ENE,17
13380,1400,BARRAMUNDI,2018-11-28 04:58:00,750,1.59,1.19,falling,4,2018-11-28,26,38.6,0,N,46,14:17:00,NNW,20,N,20
13381,1400,BARRAMUNDI,2018-11-28 05:31:00,630,1.3,1.19,bottom,5,2018-11-28,26,38.6,0,N,46,14:17:00,NNW,20,N,20
13382,1400,BARRAMUNDI,2018-11-28 05:45:00,745,1.3,1.19,bottom,5,2018-11-28,26,38.6,0,N,46,14:17:00,NNW,20,N,20
13383,1400,BARRAMUNDI,2018-11-28 05:58:00,630,1.24,1.19,bottom,5,2018-11-28,26,38.6,0,N,46,14:17:00,NNW,20,N,20
13390,2926,BARRAMUNDI,2018-11-29 19:08:00,801,1.52,1.11,falling,19,2018-11-29,23.4,35,0,0,0,0:00:00,WSW,15,SW,22
13399,616,BARRAMUNDI,2018-11-27 08:00:00,870,2.05,4.12,rising,8,2018-11-27,20.1,30.8,0,ESE,26,8:35:00,E,17,ENE,17
13400,616,BARRAMUNDI,2018-11-30 13:09:00,710,3.17,3.84,rising,13,2018-11-30,20.9,34.3,0,E,33,13:03:00,E,13,ENE,24
13401,616,BARRAMUNDI,2018-11-22 07:48:00,760,4.09,4.18,top,7,2018-11-22,24.4,32.6,0,W,43,17:00:00,NNW,22,N,24
13409,1372,BARRAMUNDI,2018-11-28 07:57:00,750,1.46,3.98,bottom,7,2018-11-28,26,38.6,0,N,46,14:17:00,NNW,20,N,20
13410,1372,BARRAMUNDI,2018-11-28 08:26:00,635,1.77,3.98,rising,8,2018-11-28,26,38.6,0,N,46,14:17:00,NNW,20,N,20
13411,1372,BARRAMUNDI,2018-11-28 08:33:00,597,1.77,3.98,rising,8,2018-11-28,26,38.6,0,N,46,14:17:00,NNW,20,N,20
13441,1400,BARRAMUNDI,2018-12-03 05:35:00,675,3.67,3.84,top,5,2018-12-03,24,35.2,0,NE,44,13:21:00,NNW,19,NNE,24
13442,1400,BARRAMUNDI,2018-12-03 06:10:00,700,3.84,0.99,top,6,2018-12-03,24,35.2,0,NE,44,13:21:00,NNW,19,NNE,24
13443,1372,BARRAMUNDI,2018-12-04 09:14:00,755,3.17,0.87,falling,9,2018-12-04,26,32.3,0,NE,39,12:18:00,NE,20,S,22
13450,2848,BARRAMUNDI,2018-12-05 16:32:00,770,1.82,3.74,rising,16,2018-12-05,20.8,30.3,11.4,ESE,59,15:36:00,SE,19,E,37
13470,1400,BARRAMUNDI,2018-12-12 08:20:00,730,2.47,3.65,rising,8,2018-12-12,22.2,28.5,6.6,ENE,37,14:47:00,ESE,15,ENE,22
13471,2950,BARRAMUNDI,2018-12-03 19:04:00,700,3.77,0.65,top,19,2018-12-03,24,35.2,0,NE,44,13:21:00,NNW,19,NNE,24
13484,1400,BARRAMUNDI,2018-12-13 18:54:00,710,1.52,1.51,bottom,18,2018-12-13,21.3,27.6,0.2,ENE,30,13:42:00,NNE,13,ENE,20
13485,1400,BARRAMUNDI,2018-12-13 19:02:00,600,1.52,1.51,bottom,19,2018-12-13,21.3,27.6,0.2,ENE,30,13:42:00,NNE,13,ENE,20
13501,1400,BARRAMUNDI,2018-12-15 19:39:00,880,1.87,1.49,falling,19,2018-12-15,25.1,28.4,0.2,WNW,26,11:49:00,N,7,Calm,0
13546,1400,BARRAMUNDI,2018-12-18 19:44:00,740,2.94,0.95,falling,19,2018-12-18,23.8,31.3,0,ESE,43,18:54:00,SSE,17,E,19
13566,1400,BARRAMUNDI,2018-12-19 18:21:00,700,3.53,3.54,top,18,2018-12-19,24.2,31.3,0.4,ESE,48,17:10:00,ESE,24,ESE,28
13648,1400,BARRAMUNDI,2018-12-25 18:25:00,685,1.43,3.52,rising,18,2018-12-25,21.5,30,0,E,50,13:25:00,SE,26,E,35
13657,1400,BARRAMUNDI,2018-12-27 19:22:00,670,0.91,3.36,bottom,19,2018-12-27,21.2,30.1,0,E,54,16:47:00,SE,28,E,31
13658,1400,BARRAMUNDI,2018-12-27 19:38:00,790,1.76,3.36,rising,19,2018-12-27,21.2,30.1,0,E,54,16:47:00,SE,28,E,31
13671,1400,BARRAMUNDI,2018-12-28 18:26:00,660,1.65,1.03,falling,18,2018-12-28,22.5,30,0.4,ESE,54,14:18:00,ESE,20,E,37
13672,1400,BARRAMUNDI,2018-12-28 19:07:00,670,1.32,1.03,bottom,19,2018-12-28,22.5,30,0.4,ESE,54,14:18:00,ESE,20,E,37
13673,1996,BARRAMUNDI,2018-12-29 07:59:00,750,1.44,1.39,bottom,7,2018-12-29,22.3,30.8,0,ESE,48,14:28:00,ESE,24,ESE,35
13674,1996,BARRAMUNDI,2018-12-29 08:01:00,750,1.44,1.39,bottom,8,2018-12-29,22.3,30.8,0,ESE,48,14:28:00,ESE,24,ESE,35
13675,1996,BARRAMUNDI,2018-12-29 08:02:00,760,1.44,1.39,bottom,8,2018-12-29,22.3,30.8,0,ESE,48,14:28:00,ESE,24,ESE,35
13690,1400,BARRAMUNDI,2018-12-31 06:49:00,400,3.13,1.39,falling,6,2018-12-31,22.1,30.7,0,ESE,44,8:33:00,ESE,30,E,26
13723,1400,BARRAMUNDI,2019-01-01 19:02:00,885,3.26,1.02,top,19,2019-01-01,22.8,30.5,0,E,46,17:33:00,ESE,28,ENE,30
13726,1400,BARRAMUNDI,2019-01-01 19:25:00,775,3.26,1.02,top,19,2019-01-01,22.8,30.5,0,E,46,17:33:00,ESE,28,ENE,30
13795,1400,BARRAMUNDI,2019-01-06 06:31:00,825,2.81,4.19,rising,6,2019-01-06,21.7,30.8,0,ESE,52,15:18:00,NNW,7,ESE,39
13836,1400,BARRAMUNDI,2019-01-10 06:58:00,750,1.74,3.85,rising,6,2019-01-10,23.2,30.2,1.8,ENE,35,8:58:00,ENE,26,ENE,24
13837,1400,BARRAMUNDI,2019-01-10 07:24:00,660,1.92,3.85,rising,7,2019-01-10,23.2,30.2,1.8,ENE,35,8:58:00,ENE,26,ENE,24
13878,1400,BARRAMUNDI,2019-01-12 09:49:00,430,2.7,3.56,rising,9,2019-01-12,22.4,30.9,0,E,50,17:16:00,SE,20,E,28
13918,308,BARRAMUNDI,2019-01-13 08:36:00,730,1.96,3.41,bottom,8,2019-01-13,21.8,31.4,0,E,56,16:46:00,SE,24,E,33
13954,2854,BARRAMUNDI,2019-01-14 21:16:00,860,1.47,3.24,bottom,21,2019-01-14,22.7,31.1,0,ESE,50,13:16:00,ESE,24,ESE,33
13967,1180,BARRAMUNDI,2019-01-16 10:07:00,900,1.78,1.6,bottom,10,2019-01-16,23.3,30.9,0,NE,35,14:34:00,S,9,ENE,24
13971,1400,BARRAMUNDI,2019-01-16 18:46:00,740,2.99,1.15,top,18,2019-01-16,23.3,30.9,0,NE,35,14:34:00,S,9,ENE,24
13972,1400,BARRAMUNDI,2019-01-16 19:16:00,740,2.72,1.6,falling,19,2019-01-16,23.3,30.9,0,NE,35,14:34:00,S,9,ENE,24
14362,1400,BARRAMUNDI,2019-01-25 18:35:00,760,0.86,0.84,bottom,18,2019-01-25,24.5,31.3,0,ENE,35,10:44:00,ENE,20,ENE,22
14363,1400,BARRAMUNDI,2019-01-25 19:12:00,730,1.19,3.64,bottom,19,2019-01-25,24.5,31.3,0,ENE,35,10:44:00,ENE,20,ENE,22
14369,1400,BARRAMUNDI,2019-01-26 08:15:00,755,1.44,4.01,bottom,8,2019-01-26,23.4,30.8,3.6,ESE,35,9:21:00,ESE,20,E,26
14370,1400,BARRAMUNDI,2019-01-26 08:25:00,750,1.59,4.01,bottom,8,2019-01-26,23.4,30.8,3.6,ESE,35,9:21:00,ESE,20,E,26
14371,1400,BARRAMUNDI,2019-01-26 09:07:00,450,1.95,4.01,rising,9,2019-01-26,23.4,30.8,3.6,ESE,35,9:21:00,ESE,20,E,26
14372,1400,BARRAMUNDI,2019-01-26 09:28:00,475,2.15,4.01,rising,9,2019-01-26,23.4,30.8,3.6,ESE,35,9:21:00,ESE,20,E,26
14380,1180,BARRAMUNDI,2019-01-26 19:13:00,600,1.09,1.07,bottom,19,2019-01-26,23.4,30.8,3.6,ESE,35,9:21:00,ESE,20,E,26
14381,1180,BARRAMUNDI,2019-01-26 19:14:00,725,1.09,1.07,bottom,19,2019-01-26,23.4,30.8,3.6,ESE,35,9:21:00,ESE,20,E,26
14382,1180,BARRAMUNDI,2019-01-26 19:24:00,630,1.07,3.51,bottom,19,2019-01-26,23.4,30.8,3.6,ESE,35,9:21:00,ESE,20,E,26
14383,1180,BARRAMUNDI,2019-01-26 19:26:00,635,1.07,3.51,bottom,19,2019-01-26,23.4,30.8,3.6,ESE,35,9:21:00,ESE,20,E,26
14384,1180,BARRAMUNDI,2019-01-26 19:27:00,770,1.07,3.15,bottom,19,2019-01-26,23.4,30.8,3.6,ESE,35,9:21:00,ESE,20,E,26
14385,1180,BARRAMUNDI,2019-01-26 19:29:00,780,1.07,3.15,bottom,19,2019-01-26,23.4,30.8,3.6,ESE,35,9:21:00,ESE,20,E,26
14386,1180,BARRAMUNDI,2019-01-26 19:31:00,710,1.07,3.15,bottom,19,2019-01-26,23.4,30.8,3.6,ESE,35,9:21:00,ESE,20,E,26
14422,1400,BARRAMUNDI,2019-01-29 19:29:00,730,2.48,1.43,falling,19,2019-01-29,25.8,31,0,ENE,44,11:34:00,ESE,30,ENE,28
14424,1400,BARRAMUNDI,2019-01-29 19:43:00,775,2.34,1.43,falling,19,2019-01-29,25.8,31,0,ENE,44,11:34:00,ESE,30,ENE,28
14427,1180,BARRAMUNDI,2019-01-30 08:38:00,700,2.75,1.53,falling,8,2019-01-30,25.3,30.8,0,ESE,50,13:06:00,E,30,E,31
14428,1180,BARRAMUNDI,2019-01-30 08:41:00,730,2.75,1.53,falling,8,2019-01-30,25.3,30.8,0,ESE,50,13:06:00,E,30,E,31
14429,1180,BARRAMUNDI,2019-01-30 08:42:00,745,2.75,1.53,falling,8,2019-01-30,25.3,30.8,0,ESE,50,13:06:00,E,30,E,31
14438,1400,BARRAMUNDI,2019-01-31 09:03:00,695,2.98,1.34,falling,9,2019-01-31,25,31.3,0,E,43,14:46:00,E,15,E,30
14454,1400,BARRAMUNDI,2019-02-01 05:33:00,760,3.44,4.01,rising,5,2019-02-01,23.6,31.5,0,ESE,48,15:34:00,ESE,24,E,33
14456,1400,BARRAMUNDI,2019-02-01 05:35:00,530,3.44,4.01,rising,6,2019-02-01,23.6,31.5,0,ESE,48,15:34:00,ESE,24,E,33
14455,1400,BARRAMUNDI,2019-02-01 06:22:00,760,3.86,4.01,top,5,2019-02-01,23.6,31.5,0,ESE,48,15:34:00,ESE,24,E,33
14457,1400,BARRAMUNDI,2019-02-01 08:34:00,690,3.86,1.18,top,8,2019-02-01,23.6,31.5,0,ESE,48,15:34:00,ESE,24,E,33
14458,1400,BARRAMUNDI,2019-02-01 08:54:00,460,3.6,1.18,top,8,2019-02-01,23.6,31.5,0,ESE,48,15:34:00,ESE,24,E,33
14464,1368,BARRAMUNDI,2019-02-01 20:32:00,650,3.3,1.25,top,20,2019-02-01,23.6,31.5,0,ESE,48,15:34:00,ESE,24,E,33
14465,1180,BARRAMUNDI,2019-02-02 19:26:00,605,3.37,3.5,top,19,2019-02-02,23.2,30.6,0.6,E,52,13:37:00,ESE,28,E,35
14467,1180,BARRAMUNDI,2019-02-02 16:42:00,680,1.91,3.5,rising,19,2019-02-02,23.2,30.6,0.6,E,52,13:37:00,ESE,28,E,35
14466,3211,BARRAMUNDI,2019-02-02 19:26:00,740,3.37,3.5,top,16,2019-02-02,23.2,30.6,0.6,E,52,13:37:00,ESE,28,E,35
14481,427,BARRAMUNDI,2019-02-03 17:39:00,700,2.09,3.56,rising,17,2019-02-03,23,29.7,15.6,ESE,46,11:19:00,SE,19,E,31
14482,427,BARRAMUNDI,2019-02-03 17:39:00,770,2.09,3.56,rising,17,2019-02-03,23,29.7,15.6,ESE,46,11:19:00,SE,19,E,31
14483,427,BARRAMUNDI,2019-02-03 17:41:00,785,2.09,3.56,rising,17,2019-02-03,23,29.7,15.6,ESE,46,11:19:00,SE,19,E,31
14631,1675,BARRAMUNDI,2019-02-10 10:01:00,750,3.02,3.64,rising,10,2019-02-10,23.5,32.8,0,ENE,31,12:12:00,ESE,11,NE,20
14657,1400,BARRAMUNDI,2019-02-11 05:21:00,780,1.74,1.57,bottom,5,2019-02-11,25.2,32.5,0,NE,35,14:53:00,E,13,NE,26
14658,1400,BARRAMUNDI,2019-02-11 07:16:00,650,1.67,3.44,bottom,7,2019-02-11,25.2,32.5,0,NE,35,14:53:00,E,13,NE,26
14669,1675,BARRAMUNDI,2019-02-11 16:53:00,760,2.02,1.48,falling,16,2019-02-11,25.2,32.5,0,NE,35,14:53:00,E,13,NE,26
15064,1400,BARRAMUNDI,2019-02-12 05:51:00,765,2.08,1.76,falling,19,2019-02-12,25,32.4,0,NE,35,14:03:00,NNW,9,NE,24
15026,1180,BARRAMUNDI,2019-02-12 19:13:00,780,1.64,1.55,bottom,16,2019-02-12,25,32.4,0,NE,35,14:03:00,NNW,9,NE,24
15042,1180,BARRAMUNDI,2019-02-13 16:28:00,710,2.99,1.52,top,16,2019-02-13,26,33,0,NE,35,14:31:00,N,9,NE,24
15043,1180,BARRAMUNDI,2019-02-13 16:29:00,660,2.99,1.52,top,16,2019-02-13,26,33,0,NE,35,14:31:00,N,9,NE,24
15044,309,BARRAMUNDI,2019-02-13 16:30:00,710,2.99,1.52,top,16,2019-02-13,26,33,0,NE,35,14:31:00,N,9,NE,24
15045,1400,BARRAMUNDI,2019-02-13 16:32:00,770,2.99,1.52,top,7,2019-02-13,26,33,0,NE,35,14:31:00,N,9,NE,24
15057,1400,BARRAMUNDI,2019-02-14 06:37:00,760,3.01,1.68,falling,6,2019-02-14,25.3,32.9,0,S,46,17:56:00,SSW,6,ENE,26
15056,1400,BARRAMUNDI,2019-02-14 07:30:00,460,2.6,1.68,falling,8,2019-02-14,25.3,32.9,0,S,46,17:56:00,SSW,6,ENE,26
15060,1400,BARRAMUNDI,2019-02-14 07:44:00,740,2.45,1.68,falling,8,2019-02-14,25.3,32.9,0,S,46,17:56:00,SSW,6,ENE,26
15059,1400,BARRAMUNDI,2019-02-14 08:02:00,525,2.31,1.68,falling,7,2019-02-14,25.3,32.9,0,S,46,17:56:00,SSW,6,ENE,26
15058,1400,BARRAMUNDI,2019-02-14 08:15:00,540,2.31,1.68,falling,9,2019-02-14,25.3,32.9,0,S,46,17:56:00,SSW,6,ENE,26
15061,1372,BARRAMUNDI,2019-02-14 09:04:00,490,1.95,1.68,falling,5,2019-02-14,25.3,32.9,0,S,46,17:56:00,SSW,6,ENE,26
15114,2848,BARRAMUNDI,2019-02-18 06:35:00,470,3.84,4.67,rising,6,2019-02-18,22.3,31.8,0,ENE,39,16:07:00,SE,13,ENE,24
15121,1180,BARRAMUNDI,2019-02-18 16:10:00,770,1.27,3.91,rising,16,2019-02-18,22.3,31.8,0,ENE,39,16:07:00,SE,13,ENE,24
15122,1180,BARRAMUNDI,2019-02-18 16:12:00,730,1.27,3.91,rising,16,2019-02-18,22.3,31.8,0,ENE,39,16:07:00,SE,13,ENE,24
15123,1180,BARRAMUNDI,2019-02-18 16:13:00,750,1.27,3.91,rising,16,2019-02-18,22.3,31.8,0,ENE,39,16:07:00,SE,13,ENE,24
15130,1400,BARRAMUNDI,2019-02-18 21:56:00,460,3.58,0.48,top,21,2019-02-18,22.3,31.8,0,ENE,39,16:07:00,SE,13,ENE,24
15135,427,BARRAMUNDI,2019-02-19 08:52:00,825,4.78,4.81,top,8,2019-02-19,20.9,33.6,0,ENE,31,15:31:00,WSW,9,NE,20
15136,427,BARRAMUNDI,2019-02-19 08:54:00,800,4.78,4.81,top,8,2019-02-19,20.9,33.6,0,ENE,31,15:31:00,WSW,9,NE,20
15137,427,BARRAMUNDI,2019-02-19 08:55:00,750,4.78,4.91,top,8,2019-02-19,20.9,33.6,0,ENE,31,15:31:00,WSW,9,NE,20
15138,1180,BARRAMUNDI,2019-02-19 10:35:00,740,4.17,0.41,falling,10,2019-02-19,20.9,33.6,0,ENE,31,15:31:00,WSW,9,NE,20
15139,1180,BARRAMUNDI,2019-02-19 10:36:00,715,4.17,0.41,falling,10,2019-02-19,20.9,33.6,0,ENE,31,15:31:00,WSW,9,NE,20
15140,1180,BARRAMUNDI,2019-02-19 10:37:00,740,4.17,0.41,falling,10,2019-02-19,20.9,33.6,0,ENE,31,15:31:00,WSW,9,NE,20
15173,1400,BARRAMUNDI,2019-02-19 17:53:00,805,1.67,0.41,rising,5,2019-02-19,20.9,33.6,0,ENE,31,15:31:00,WSW,9,NE,20
15144,1400,BARRAMUNDI,2019-02-20 05:32:00,740,1.27,4.85,rising,6,2019-02-20,23.2,32.5,0,NNE,35,12:07:00,SSE,9,ENE,22
15145,1400,BARRAMUNDI,2019-02-20 06:29:00,630,2.24,4.85,rising,8,2019-02-20,23.2,32.5,0,NNE,35,12:07:00,SSE,9,ENE,22
15147,1400,BARRAMUNDI,2019-02-20 08:09:00,780,4.19,4.85,rising,8,2019-02-20,23.2,32.5,0,NNE,35,12:07:00,SSE,9,ENE,22
15148,1400,BARRAMUNDI,2019-02-20 08:28:00,540,4.19,4.85,rising,8,2019-02-20,23.2,32.5,0,NNE,35,12:07:00,SSE,9,ENE,22
15149,1400,BARRAMUNDI,2019-02-20 08:39:00,795,4.42,4.85,rising,5,2019-02-20,23.2,32.5,0,NNE,35,12:07:00,SSE,9,ENE,22
15160,1400,BARRAMUNDI,2019-02-21 05:44:00,790,1,4.77,rising,7,2019-02-21,25.3,33.5,0,ESE,44,19:40:00,ESE,19,ENE,28
15164,1400,BARRAMUNDI,2019-02-21 05:45:00,750,1,4.77,rising,6,2019-02-21,25.3,33.5,0,ESE,44,19:40:00,ESE,19,ENE,28
15163,1400,BARRAMUNDI,2019-02-21 05:55:00,675,1,4.77,rising,5,2019-02-21,25.3,33.5,0,ESE,44,19:40:00,ESE,19,ENE,28
15162,1400,BARRAMUNDI,2019-02-21 06:46:00,795,1.88,4.77,rising,5,2019-02-21,25.3,33.5,0,ESE,44,19:40:00,ESE,19,ENE,28
15161,1180,BARRAMUNDI,2019-02-21 07:09:00,520,2.21,4.77,rising,9,2019-02-21,25.3,33.5,0,ESE,44,19:40:00,ESE,19,ENE,28
15168,1180,BARRAMUNDI,2019-02-21 09:01:00,825,4.35,4.77,rising,9,2019-02-21,25.3,33.5,0,ESE,44,19:40:00,ESE,19,ENE,28
15170,1373,BARRAMUNDI,2019-02-21 09:02:00,760,4.35,4.77,rising,17,2019-02-21,25.3,33.5,0,ESE,44,19:40:00,ESE,19,ENE,28
15184,1400,BARRAMUNDI,2019-02-23 06:29:00,800,0.87,4.22,bottom,6,2019-02-23,22.1,32.1,0.2,E,46,16:33:00,SSE,17,E,26
15191,1400,BARRAMUNDI,2019-02-23 07:18:00,720,1.29,4.22,rising,7,2019-02-23,22.1,32.1,0.2,E,46,16:33:00,SSE,17,E,26
15195,1400,BARRAMUNDI,2019-02-23 08:15:00,820,1.98,4.22,rising,8,2019-02-23,22.1,32.1,0.2,E,46,16:33:00,SSE,17,E,26
15515,1180,BARRAMUNDI,2019-02-10 06:37:00,705,1.43,3.64,bottom,6,2019-02-10,23.5,32.8,0,ENE,31,12:12:00,ESE,11,NE,20
15516,1180,BARRAMUNDI,2019-02-10 06:04:00,770,1.38,3.64,bottom,6,2019-02-10,23.5,32.8,0,ENE,31,12:12:00,ESE,11,NE,20
15520,1180,BARRAMUNDI,2019-02-01 16:03:00,600,1.95,3.42,rising,16,2019-02-01,23.6,31.5,0,ESE,48,15:34:00,ESE,24,E,33
15530,1400,BARRAMUNDI,2019-02-27 09:58:00,465,1.82,1.81,bottom,9,2019-02-27,20.9,29.5,0,ESE,54,15:26:00,SE,19,ESE,39
15548,1368,BARRAMUNDI,2019-03-01 21:39:00,650,2.36,1.47,falling,21,2019-03-01,22,30.4,0,ESE,56,14:39:00,SE,22,E,44
15552,1368,BARRAMUNDI,2019-03-01 22:40:00,600,1.95,1.47,falling,22,2019-03-01,22,30.4,0,ESE,56,14:39:00,SE,22,E,44
15627,1675,BARRAMUNDI,2019-03-03 10:07:00,735,3.01,2.08,falling,10,2019-03-03,21.5,29.6,1.8,SE,46,12:17:00,SE,20,E,26
15645,1400,BARRAMUNDI,2019-03-06 06:45:00,720,3.06,4.18,rising,6,2019-03-06,24.7,30.8,0,ESE,31,9:15:00,SSE,15,ENE,20
15646,1400,BARRAMUNDI,2019-03-06 08:27:00,765,4,4.18,top,8,2019-03-06,24.7,30.8,0,ESE,31,9:15:00,SSE,15,ENE,20
15648,616,BARRAMUNDI,2019-03-06 08:15:00,490,4,4.18,top,8,2019-03-06,24.7,30.8,0,ESE,31,9:15:00,SSE,15,ENE,20
15649,616,BARRAMUNDI,2019-03-06 08:40:00,530,4.1,4.18,top,8,2019-03-06,24.7,30.8,0,ESE,31,9:15:00,SSE,15,ENE,20
15650,616,BARRAMUNDI,2019-03-06 09:49:00,850,4.1,0.88,top,9,2019-03-06,24.7,30.8,0,ESE,31,9:15:00,SSE,15,ENE,20
15658,2837,BARRAMUNDI,2019-03-07 16:20:00,780,0.86,3.86,bottom,16,2019-03-07,24.8,31.1,0,ESE,41,13:57:00,SE,13,ESE,26
15660,1400,BARRAMUNDI,2019-03-07 17:39:00,760,1.31,3.86,rising,17,2019-03-07,24.8,31.1,0,ESE,41,13:57:00,SE,13,ESE,26
15661,1400,BARRAMUNDI,2019-03-07 19:16:00,810,2.6,3.86,rising,19,2019-03-07,24.8,31.1,0,ESE,41,13:57:00,SE,13,ESE,26
15662,1400,BARRAMUNDI,2019-03-07 19:46:00,750,3.04,3.86,rising,19,2019-03-07,24.8,31.1,0,ESE,41,13:57:00,SE,13,ESE,26
15663,1400,BARRAMUNDI,2019-03-07 20:32:00,760,3.42,3.86,top,20,2019-03-07,24.8,31.1,0,ESE,41,13:57:00,SE,13,ESE,26
15664,1400,BARRAMUNDI,2019-03-07 20:42:00,720,3.42,3.86,top,20,2019-03-07,24.8,31.1,0,ESE,41,13:57:00,SE,13,ESE,26
15670,616,BARRAMUNDI,2019-03-07 07:17:00,500,3.03,4.15,rising,7,2019-03-07,24.8,31.1,0,ESE,41,13:57:00,SE,13,ESE,26
15671,616,BARRAMUNDI,2019-03-08 08:11:00,510,3.43,4.09,rising,8,2019-03-08,23.4,29.3,6.6,E,46,14:50:00,SE,13,ESE,31
15672,616,BARRAMUNDI,2019-03-08 08:44:00,470,3.62,4.09,rising,8,2019-03-08,23.4,29.3,6.6,E,46,14:50:00,SE,13,ESE,31
15673,616,BARRAMUNDI,2019-03-08 09:27:00,480,4.01,4.09,top,9,2019-03-08,23.4,29.3,6.6,E,46,14:50:00,SE,13,ESE,31
15674,309,BARRAMUNDI,2019-03-08 11:26:00,750,3.79,0.9,top,11,2019-03-08,23.4,29.3,6.6,E,46,14:50:00,SE,13,ESE,31
15675,309,BARRAMUNDI,2019-03-08 11:27:00,730,3.79,0.9,top,11,2019-03-08,23.4,29.3,6.6,E,46,14:50:00,SE,13,ESE,31
15676,309,BARRAMUNDI,2019-03-08 11:28:00,730,3.79,0.9,top,11,2019-03-08,23.4,29.3,6.6,E,46,14:50:00,SE,13,ESE,31
15677,309,BARRAMUNDI,2019-03-08 11:29:00,810,3.79,0.9,top,11,2019-03-08,23.4,29.3,6.6,E,46,14:50:00,SE,13,ESE,31
15678,309,BARRAMUNDI,2019-03-08 11:30:00,770,3.79,0.9,top,11,2019-03-08,23.4,29.3,6.6,E,46,14:50:00,SE,13,ESE,31
15724,1400,BARRAMUNDI,2019-03-11 08:52:00,500,2.6,3.59,rising,8,2019-03-11,22.7,32.4,0,NE,30,13:23:00,WSW,7,NE,20
15790,1400,BARRAMUNDI,2019-03-11 09:52:00,800,3.11,3.59,rising,11,2019-03-11,22.7,32.4,0,NE,30,13:23:00,WSW,7,NE,20
15728,1400,BARRAMUNDI,2019-03-11 11:43:00,550,3.59,1.26,top,12,2019-03-11,22.7,32.4,0,NE,30,13:23:00,WSW,7,NE,20
15779,1373,BARRAMUNDI,2019-03-11 12:26:00,420,3.46,1.26,top,9,2019-03-11,22.7,32.4,0,NE,30,13:23:00,WSW,7,NE,20
15803,2837,BARRAMUNDI,2019-03-13 06:37:00,790,1.7,1.65,bottom,6,2019-03-13,20.2,33.2,50,NNW,46,10:05:00,NNW,9,NE,22
15804,2837,BARRAMUNDI,2019-03-13 06:39:00,770,1.7,1.65,bottom,6,2019-03-13,20.2,33.2,50,NNW,46,10:05:00,NNW,9,NE,22
15805,2837,BARRAMUNDI,2019-03-13 06:40:00,780,1.7,1.65,bottom,6,2019-03-13,20.2,33.2,50,NNW,46,10:05:00,NNW,9,NE,22
15808,1400,BARRAMUNDI,2019-03-13 09:06:00,480,1.96,3.15,bottom,9,2019-03-13,20.2,33.2,50,NNW,46,10:05:00,NNW,9,NE,22
15809,1373,BARRAMUNDI,2019-03-13 08:45:00,510,1.87,3.15,bottom,8,2019-03-13,20.2,33.2,50,NNW,46,10:05:00,NNW,9,NE,22
15810,1373,BARRAMUNDI,2019-03-14 09:32:00,530,1.82,3.01,bottom,9,2019-03-14,24.6,31.3,0,NE,31,12:10:00,ENE,13,NE,24
15811,1373,BARRAMUNDI,2019-03-14 07:12:00,690,1.92,1.75,bottom,7,2019-03-14,24.6,31.3,0,NE,31,12:10:00,ENE,13,NE,24
15817,1400,BARRAMUNDI,2019-03-15 06:22:00,885,2.91,1.64,falling,6,2019-03-15,25.9,31.4,0,NNE,44,4:03:00,NNW,13,NE,24
15818,1400,BARRAMUNDI,2019-03-15 07:06:00,780,2.61,1.64,falling,7,2019-03-15,25.9,31.4,0,NNE,44,4:03:00,NNW,13,NE,24
15819,1400,BARRAMUNDI,2019-03-15 07:45:00,735,2.31,1.64,falling,7,2019-03-15,25.9,31.4,0,NNE,44,4:03:00,NNW,13,NE,24
15820,1400,BARRAMUNDI,2019-03-15 08:05:00,800,2.17,1.64,falling,8,2019-03-15,25.9,31.4,0,NNE,44,4:03:00,NNW,13,NE,24
15821,1400,BARRAMUNDI,2019-03-15 08:39:00,800,1.92,1.64,bottom,8,2019-03-15,25.9,31.4,0,NNE,44,4:03:00,NNW,13,NE,24
15830,24424,BARRAMUNDI,2019-03-16 12:28:00,800,1.46,3.28,bottom,12,2019-03-16,21.9,29.4,3,WSW,28,2:02:00,SSE,11,E,15
15831,24424,BARRAMUNDI,2019-03-16 12:30:00,400,1.46,3.28,bottom,12,2019-03-16,21.9,29.4,3,WSW,28,2:02:00,SSE,11,E,15
15850,1400,BARRAMUNDI,2019-03-17 22:58:00,800,1.11,0.98,bottom,22,2019-03-17,23.1,28.8,2,NNW,35,9:58:00,ENE,15,NE,13
15851,1400,BARRAMUNDI,2019-03-18 06:54:00,780,4.41,0.73,top,6,2019-03-18,22.8,30.4,10.8,ENE,31,13:44:00,E,7,NE,24
15852,1400,BARRAMUNDI,2019-03-18 09:04:00,580,3.65,0.73,falling,9,2019-03-18,22.8,30.4,10.8,ENE,31,13:44:00,E,7,NE,24
15875,1373,BARRAMUNDI,2019-03-18 09:31:00,550,3.41,0.73,falling,9,2019-03-18,22.8,30.4,10.8,ENE,31,13:44:00,E,7,NE,24
15923,308,BARRAMUNDI,2019-03-16 19:04:00,760,2.99,1.27,top,19,2019-03-16,21.9,29.4,3,WSW,28,2:02:00,SSE,11,E,15
15924,308,BARRAMUNDI,2019-03-16 21:27:00,725,1.96,1.27,falling,21,2019-03-16,21.9,29.4,3,WSW,28,2:02:00,SSE,11,E,15
15925,427,BARRAMUNDI,2019-03-17 07:16:00,780,3.96,1.03,top,7,2019-03-17,23.1,28.8,2,NNW,35,9:58:00,ENE,15,NE,13
15926,309,BARRAMUNDI,2019-03-17 06:57:00,820,4.05,1.03,top,6,2019-03-17,23.1,28.8,2,NNW,35,9:58:00,ENE,15,NE,13
15934,1180,BARRAMUNDI,2019-03-19 14:40:00,700,0.52,4.07,bottom,14,2019-03-19,22.5,31.1,0.4,NE,30,14:04:00,NE,6,NE,22
15935,1180,BARRAMUNDI,2019-03-19 14:41:00,780,0.52,4.07,bottom,14,2019-03-19,22.5,31.1,0.4,NE,30,14:04:00,NE,6,NE,22
15936,1180,BARRAMUNDI,2019-03-19 14:41:00,810,0.52,4.07,bottom,14,2019-03-19,22.5,31.1,0.4,NE,30,14:04:00,NE,6,NE,22
15937,1180,BARRAMUNDI,2019-03-19 14:56:00,790,0.59,4.07,bottom,14,2019-03-19,22.5,31.1,0.4,NE,30,14:04:00,NE,6,NE,22
15938,1180,BARRAMUNDI,2019-03-19 14:59:00,810,0.59,4.07,bottom,14,2019-03-19,22.5,31.1,0.4,NE,30,14:04:00,NE,6,NE,22
15939,1180,BARRAMUNDI,2019-03-19 15:00:00,665,0.59,4.07,bottom,15,2019-03-19,22.5,31.1,0.4,NE,30,14:04:00,NE,6,NE,22
15940,1180,BARRAMUNDI,2019-03-19 15:00:00,520,0.59,4.07,bottom,15,2019-03-19,22.5,31.1,0.4,NE,30,14:04:00,NE,6,NE,22
15941,1180,BARRAMUNDI,2019-03-19 15:02:00,700,0.59,4.07,bottom,15,2019-03-19,22.5,31.1,0.4,NE,30,14:04:00,NE,6,NE,22
15942,1180,BARRAMUNDI,2019-03-19 15:03:00,730,0.59,4.07,bottom,15,2019-03-19,22.5,31.1,0.4,NE,30,14:04:00,NE,6,NE,22
15943,1180,BARRAMUNDI,2019-03-19 15:04:00,760,0.59,4.09,bottom,15,2019-03-19,22.5,31.1,0.4,NE,30,14:04:00,NE,6,NE,22
15944,1180,BARRAMUNDI,2019-03-19 15:04:00,755,0.59,4.07,bottom,15,2019-03-19,22.5,31.1,0.4,NE,30,14:04:00,NE,6,NE,22
16000,1400,BARRAMUNDI,2019-03-20 16:50:00,815,1.15,4.24,rising,16,2019-03-20,22.4,32.1,0.2,ENE,33,14:07:00,NNW,7,NE,17
16001,1400,BARRAMUNDI,2019-03-20 17:48:00,750,2.3,4.24,rising,17,2019-03-20,22.4,32.1,0.2,ENE,33,14:07:00,NNW,7,NE,17
16004,1400,BARRAMUNDI,2019-03-21 05:49:00,600,1.86,4.69,rising,5,2019-03-21,22.6,31.2,0.4,NE,31,12:29:00,NW,7,ENE,17
16028,1400,BARRAMUNDI,2019-03-21 07:53:00,510,4.03,4.69,rising,7,2019-03-21,22.6,31.2,0.4,NE,31,12:29:00,NW,7,ENE,17
16029,1400,BARRAMUNDI,2019-03-21 07:42:00,500,3.8,4.69,rising,7,2019-03-21,22.6,31.2,0.4,NE,31,12:29:00,NW,7,ENE,17
16038,1400,BARRAMUNDI,2019-03-21 10:11:00,525,4.45,0.31,top,10,2019-03-21,22.6,31.2,0.4,NE,31,12:29:00,NW,7,ENE,17
16052,1180,BARRAMUNDI,2019-03-22 08:39:00,790,3.95,4.56,rising,8,2019-03-22,23.3,31.8,0,ENE,35,15:01:00,ESE,13,ENE,22
16053,1180,BARRAMUNDI,2019-03-22 08:40:00,800,3.95,4.56,rising,8,2019-03-22,23.3,31.8,0,ENE,35,15:01:00,ESE,13,ENE,22
16065,1543,BARRAMUNDI,2019-03-22 21:57:00,760,4.23,4.33,top,21,2019-03-22,23.3,31.8,0,ENE,35,15:01:00,ESE,13,ENE,22
16139,1180,BARRAMUNDI,2019-03-25 16:29:00,825,1.7,1.21,falling,16,2019-03-25,22.3,31.2,0,E,31,12:01:00,ENE,11,NE,20
16140,1180,BARRAMUNDI,2019-03-25 16:31:00,825,1.7,1.21,falling,16,2019-03-25,22.3,31.2,0,E,31,12:01:00,ENE,11,NE,20
16141,1180,BARRAMUNDI,2019-03-25 16:32:00,780,1.7,1.21,falling,16,2019-03-25,22.3,31.2,0,E,31,12:01:00,ENE,11,NE,20
16142,1180,BARRAMUNDI,2019-03-25 16:33:00,820,1.7,1.21,falling,16,2019-03-25,22.3,31.2,0,E,31,12:01:00,ENE,11,NE,20
16143,1180,BARRAMUNDI,2019-03-25 16:34:00,840,1.7,1.21,falling,16,2019-03-25,22.3,31.2,0,E,31,12:01:00,ENE,11,NE,20
16144,1180,BARRAMUNDI,2019-03-25 16:36:00,805,1.56,1.21,bottom,16,2019-03-25,22.3,31.2,0,E,31,12:01:00,ENE,11,NE,20
16146,1180,BARRAMUNDI,2019-03-25 16:37:00,765,1.56,1.21,bottom,16,2019-03-25,22.3,31.2,0,E,31,12:01:00,ENE,11,NE,20
16147,1180,BARRAMUNDI,2019-03-25 16:38:00,765,1.56,1.21,bottom,16,2019-03-25,22.3,31.2,0,E,31,12:01:00,ENE,11,NE,20
16148,1180,BARRAMUNDI,2019-03-25 16:38:00,790,1.56,1.21,bottom,16,2019-03-25,22.3,31.2,0,E,31,12:01:00,ENE,11,NE,20
16149,1180,BARRAMUNDI,2019-03-25 16:39:00,800,1.56,1.21,bottom,16,2019-03-25,22.3,31.2,0,E,31,12:01:00,ENE,11,NE,20
16150,1180,BARRAMUNDI,2019-03-25 16:41:00,740,1.56,1.21,bottom,16,2019-03-25,22.3,31.2,0,E,31,12:01:00,ENE,11,NE,20
16151,1180,BARRAMUNDI,2019-03-25 16:42:00,605,1.56,1.21,bottom,16,2019-03-25,22.3,31.2,0,E,31,12:01:00,ENE,11,NE,20
16152,1180,BARRAMUNDI,2019-03-25 16:42:00,760,1.56,1.21,bottom,16,2019-03-25,22.3,31.2,0,E,31,12:01:00,ENE,11,NE,20
16153,1180,BARRAMUNDI,2019-03-25 16:43:00,780,1.56,1.21,bottom,16,2019-03-25,22.3,31.2,0,E,31,12:01:00,ENE,11,NE,20
16175,639,BARRAMUNDI,2018-10-22 05:44:00,670,3.08,3.69,rising,5,2018-10-22,21.1,28.6,0,NE,31,15:17:00,NNE,13,NNE,22
16179,1400,BARRAMUNDI,2019-03-27 06:23:00,480,2.15,1.8,bottom,6,2019-03-27,24.2,30.7,0,ESE,44,19:12:00,SE,13,E,26
16180,1400,BARRAMUNDI,2019-03-27 06:53:00,595,1.96,1.8,bottom,6,2019-03-27,24.2,30.7,0,ESE,44,19:12:00,SE,13,E,26
16181,1400,BARRAMUNDI,2019-03-27 09:18:00,500,1.85,1.8,bottom,9,2019-03-27,24.2,30.7,0,ESE,44,19:12:00,SE,13,E,26
16234,1400,BARRAMUNDI,2019-03-30 05:54:00,800,3.53,1.43,top,5,2019-03-30,24.8,29.8,1.2,NNW,39,10:42:00,N,13,N,13
16572,1400,BARRAMUNDI,2019-03-31 17:26:00,820,3.1,3.73,top,17,2019-03-31,21.7,30.6,18.4,SSW,33,8:03:00,SSW,17,SSE,9
16573,1400,BARRAMUNDI,2019-03-31 17:48:00,875,3.21,3.73,top,17,2019-03-31,21.7,30.6,18.4,SSW,33,8:03:00,SSW,17,SSE,9
16646,1400,BARRAMUNDI,2019-04-07 17:01:00,700,0.94,4.07,bottom,17,2019-04-07,19.4,29.1,0,ESE,41,9:38:00,SE,17,E,20
16676,1180,BARRAMUNDI,2019-04-08 07:08:00,790,1.92,3.66,rising,7,2019-04-08,17.6,30,0,E,33,13:16:00,S,11,ENE,20
16691,1180,BARRAMUNDI,2019-04-09 06:16:00,880,1.28,3.46,bottom,6,2019-04-09,18.5,28.7,0,ENE,26,12:22:00,SSE,13,ENE,17
16692,1180,BARRAMUNDI,2019-04-09 06:19:00,895,1.28,3.46,bottom,6,2019-04-09,18.5,28.7,0,ENE,26,12:22:00,SSE,13,ENE,17
16693,1180,BARRAMUNDI,2019-04-09 06:22:00,850,1.28,3.46,bottom,6,2019-04-09,18.5,28.7,0,ENE,26,12:22:00,SSE,13,ENE,17
16694,1180,BARRAMUNDI,2019-04-09 06:24:00,690,1.28,3.46,bottom,6,2019-04-09,18.5,28.7,0,ENE,26,12:22:00,SSE,13,ENE,17
16696,1400,BARRAMUNDI,2019-04-09 06:56:00,820,1.49,3.46,rising,6,2019-04-09,18.5,28.7,0,ENE,26,12:22:00,SSE,13,ENE,17
16697,1400,BARRAMUNDI,2019-04-09 07:11:00,835,1.63,3.46,rising,7,2019-04-09,18.5,28.7,0,ENE,26,12:22:00,SSE,13,ENE,17
16698,1400,BARRAMUNDI,2019-04-09 08:52:00,800,2.66,3.46,rising,8,2019-04-09,18.5,28.7,0,ENE,26,12:22:00,SSE,13,ENE,17
16700,1400,BARRAMUNDI,2019-04-09 17:31:00,800,1.17,3.89,bottom,17,2019-04-09,18.5,28.7,0,ENE,26,12:22:00,SSE,13,ENE,17
16735,1543,BARRAMUNDI,2019-04-10 20:28:00,750,3.1,3.24,rising,20,2019-04-10,18.5,31.6,0,ENE,28,13:13:00,SSW,11,ENE,17
16748,1400,BARRAMUNDI,2019-04-12 14:37:00,550,2.94,1.64,bottom,14,2019-04-12,20.1,29.5,0,ESE,50,14:33:00,SE,26,E,35
16829,1400,BARRAMUNDI,2019-04-14 19:22:00,905,2.78,1.29,falling,19,2019-04-14,19.7,28.9,0,ESE,48,16:24:00,SE,20,E,28
16830,1400,BARRAMUNDI,2019-04-14 19:23:00,905,2.92,1.29,top,19,2019-04-14,19.7,28.9,0,ESE,48,16:24:00,SE,20,E,28
16833,1400,BARRAMUNDI,2019-04-15 09:42:00,530,2.12,0.92,falling,9,2019-04-15,19.1,28.6,0,ESE,35,11:49:00,SE,13,ENE,22
16834,1400,BARRAMUNDI,2019-04-15 10:06:00,620,1.79,0.92,falling,10,2019-04-15,19.1,28.6,0,ESE,35,11:49:00,SE,13,ENE,22
16836,1400,BARRAMUNDI,2019-04-15 10:40:00,805,1.39,0.92,falling,10,2019-04-15,19.1,28.6,0,ESE,35,11:49:00,SE,13,ENE,22
16844,1400,BARRAMUNDI,2019-04-15 16:29:00,895,2.91,3.66,rising,16,2019-04-15,19.1,28.6,0,ESE,35,11:49:00,SE,13,ENE,22
16845,1400,BARRAMUNDI,2019-04-15 16:47:00,790,3.1,3.66,rising,16,2019-04-15,19.1,28.6,0,ESE,35,11:49:00,SE,13,ENE,22
16846,1400,BARRAMUNDI,2019-04-15 17:17:00,545,3.4,3.66,top,17,2019-04-15,19.1,28.6,0,ESE,35,11:49:00,SE,13,ENE,22
16847,1400,BARRAMUNDI,2019-04-15 17:36:00,780,3.51,3.66,top,17,2019-04-15,19.1,28.6,0,ESE,35,11:49:00,SE,13,ENE,22
16848,1400,BARRAMUNDI,2019-04-15 18:06:00,800,3.64,3.66,top,18,2019-04-15,19.1,28.6,0,ESE,35,11:49:00,SE,13,ENE,22
16851,1400,BARRAMUNDI,2019-04-15 18:23:00,780,3.66,1,top,18,2019-04-15,19.1,28.6,0,ESE,35,11:49:00,SE,13,ENE,22
16873,1400,BARRAMUNDI,2019-04-18 17:28:00,540,2.04,4.41,falling,17,2019-04-18,18.7,29.3,0,ESE,46,15:39:00,SSE,22,E,33
16874,1400,BARRAMUNDI,2019-04-18 12:24:00,540,1.49,0.38,falling,12,2019-04-18,18.7,29.3,0,ESE,46,15:39:00,SSE,22,E,33
16961,1377,BARRAMUNDI,2019-04-24 15:00:00,720,2.6,3.02,rising,15,2019-04-24,21.2,26.8,25.8,E,52,14:36:00,SE,19,ESE,22
16962,1377,BARRAMUNDI,2019-04-24 15:17:00,780,2.39,1.53,falling,15,2019-04-24,21.2,26.8,25.8,E,52,14:36:00,SE,19,ESE,22
16966,1377,BARRAMUNDI,2019-04-24 15:27:00,730,2.28,1.53,falling,15,2019-04-24,21.2,26.8,25.8,E,52,14:36:00,SE,19,ESE,22
16967,1377,BARRAMUNDI,2019-04-24 15:18:00,780,2.28,1.53,falling,15,2019-04-24,21.2,26.8,25.8,E,52,14:36:00,SE,19,ESE,22